{
  "AWSTemplateFormatVersion": "2010-09-09",
  "Description": "The AWS CloudFormation template for this Serverless application",
  "Resources": {
    "IamRoleLambdaExecution": {
      "Type": "AWS::IAM::Role",
      "Properties": {
        "AssumeRolePolicyDocument": {
          "Version": "2012-10-17",
          "Statement": [
            {
              "Effect": "Allow",
              "Principal": {
                "Service": [
                  "lambda.amazonaws.com"
                ]
              },
              "Action": [
                "sts:AssumeRole"
              ]
            }
          ]
        },
        "Policies": [
          {
            "PolicyName": {
              "Fn::Join": [
                "-",
                [
                  "api-johngalt-id",
                  "dev",
                  "lambda"
                ]
              ]
            },
            "PolicyDocument": {
              "Version": "2012-10-17",
              "Statement": [
                {
                  "Effect": "Allow",
                  "Action": [
                    "logs:CreateLogStream",
                    "logs:CreateLogGroup",
                    "logs:TagResource"
                  ],
                  "Resource": [
                    {
                      "Fn::Sub": "arn:${AWS::Partition}:logs:${AWS::Region}:${AWS::AccountId}:log-group:/aws/lambda/api-johngalt-id-dev*:*"
                    }
                  ]
                },
                {
                  "Effect": "Allow",
                  "Action": [
                    "logs:PutLogEvents"
                  ],
                  "Resource": [
                    {
                      "Fn::Sub": "arn:${AWS::Partition}:logs:${AWS::Region}:${AWS::AccountId}:log-group:/aws/lambda/api-johngalt-id-dev*:*:*"
                    }
                  ]
                },
                {
                  "Effect": "Allow",
                  "Action": [
                    "*"
                  ],
                  "Resource": "*"
                },
                {
                  "Effect": "Allow",
                  "Action": [
                    "xray:PutTraceSegments",
                    "xray:PutTelemetryRecords"
                  ],
                  "Resource": [
                    "*"
                  ]
                }
              ]
            }
          }
        ],
        "Path": "/",
        "RoleName": {
          "Fn::Join": [
            "-",
            [
              "api-johngalt-id",
              "dev",
              {
                "Ref": "AWS::Region"
              },
              "lambdaRole"
            ]
          ]
        },
        "ManagedPolicyArns": [
          "arn:aws:iam::aws:policy/CloudWatchLambdaInsightsExecutionRolePolicy"
        ]
      }
    },
    "FooGetLambdaFunction": {
      "Type": "AWS::Lambda::Function",
      "Properties": {
        "Code": {
          "S3Bucket": "api-johngalt-id-deployment",
          "S3Key": "serverless/api-johngalt-id/dev/1754904127222-2025-08-11T09:22:07.222Z/api-johngalt-id-fooGet.zip"
        },
        "Handler": "src/endpoints/foo/get/index.handler",
        "Runtime": "nodejs22.x",
        "FunctionName": "api-johngalt-id-dev-fooGet",
        "MemorySize": 256,
        "Timeout": 6,
        "TracingConfig": {
          "Mode": "Active"
        },
        "Environment": {
          "Variables": {
            "REGION": "ap-southeast-1",
            "SERVICE_NAME": "api-johngalt-id",
            "STAGE": "dev",
            "NODE_OPTIONS": "--enable-source-maps"
          }
        },
        "Role": {
          "Fn::GetAtt": [
            "IamRoleLambdaExecution",
            "Arn"
          ]
        },
        "LoggingConfig": {
          "LogFormat": "JSON",
          "LogGroup": "/aws/lambda/api-johngalt-id/dev"
        }
      }
    },
    "ApiGatewayRestApi": {
      "Type": "AWS::ApiGateway::RestApi",
      "Properties": {
        "Name": "api-johngalt-id",
        "DisableExecuteApiEndpoint": true,
        "EndpointConfiguration": {
          "Types": [
            "EDGE"
          ]
        },
        "Policy": ""
      }
    },
    "ApiGatewayResourceFoo": {
      "Type": "AWS::ApiGateway::Resource",
      "Properties": {
        "ParentId": {
          "Fn::GetAtt": [
            "ApiGatewayRestApi",
            "RootResourceId"
          ]
        },
        "PathPart": "foo",
        "RestApiId": {
          "Ref": "ApiGatewayRestApi"
        }
      }
    },
    "ApiGatewayMethodFooGet": {
      "Type": "AWS::ApiGateway::Method",
      "Properties": {
        "HttpMethod": "GET",
        "RequestParameters": {},
        "ResourceId": {
          "Ref": "ApiGatewayResourceFoo"
        },
        "RestApiId": {
          "Ref": "ApiGatewayRestApi"
        },
        "ApiKeyRequired": false,
        "AuthorizationType": "NONE",
        "Integration": {
          "IntegrationHttpMethod": "POST",
          "Type": "AWS_PROXY",
          "Uri": {
            "Fn::Join": [
              "",
              [
                "arn:",
                {
                  "Ref": "AWS::Partition"
                },
                ":apigateway:",
                {
                  "Ref": "AWS::Region"
                },
                ":lambda:path/2015-03-31/functions/",
                {
                  "Fn::GetAtt": [
                    "FooGetLambdaFunction",
                    "Arn"
                  ]
                },
                "/invocations"
              ]
            ]
          }
        },
        "MethodResponses": []
      },
      "DependsOn": [
        "FooGetLambdaPermissionApiGateway"
      ]
    },
    "ApiGatewayDeployment1754904118374": {
      "Type": "AWS::ApiGateway::Deployment",
      "Properties": {
        "RestApiId": {
          "Ref": "ApiGatewayRestApi"
        },
        "StageName": "dev"
      },
      "DependsOn": [
        "ApiGatewayMethodFooGet"
      ]
    },
    "ApiGatewayApiKey1": {
      "Type": "AWS::ApiGateway::ApiKey",
      "Properties": {
        "Enabled": true,
        "Name": "api-johngalt-id-dev",
        "StageKeys": [
          {
            "RestApiId": {
              "Ref": "ApiGatewayRestApi"
            },
            "StageName": "dev"
          }
        ]
      },
      "DependsOn": "ApiGatewayDeployment1754904118374"
    },
    "ApiGatewayUsagePlan": {
      "Type": "AWS::ApiGateway::UsagePlan",
      "DependsOn": "ApiGatewayDeployment1754904118374",
      "Properties": {
        "ApiStages": [
          {
            "ApiId": {
              "Ref": "ApiGatewayRestApi"
            },
            "Stage": "dev"
          }
        ],
        "Description": "Usage plan for api-johngalt-id dev stage",
        "UsagePlanName": "api-johngalt-id-dev"
      }
    },
    "ApiGatewayUsagePlanKey1": {
      "Type": "AWS::ApiGateway::UsagePlanKey",
      "Properties": {
        "KeyId": {
          "Ref": "ApiGatewayApiKey1"
        },
        "KeyType": "API_KEY",
        "UsagePlanId": {
          "Ref": "ApiGatewayUsagePlan"
        }
      }
    },
    "FooGetLambdaPermissionApiGateway": {
      "Type": "AWS::Lambda::Permission",
      "Properties": {
        "FunctionName": {
          "Fn::GetAtt": [
            "FooGetLambdaFunction",
            "Arn"
          ]
        },
        "Action": "lambda:InvokeFunction",
        "Principal": "apigateway.amazonaws.com",
        "SourceArn": {
          "Fn::Join": [
            "",
            [
              "arn:",
              {
                "Ref": "AWS::Partition"
              },
              ":execute-api:",
              {
                "Ref": "AWS::Region"
              },
              ":",
              {
                "Ref": "AWS::AccountId"
              },
              ":",
              {
                "Ref": "ApiGatewayRestApi"
              },
              "/*/*"
            ]
          ]
        }
      }
    },
    "ApiGatewayLogGroup": {
      "Type": "AWS::Logs::LogGroup",
      "Properties": {
        "LogGroupName": "/aws/api-gateway/api-johngalt-id-dev",
        "RetentionInDays": 5
      }
    },
    "CustomApiGatewayAccountCloudWatchRole": {
      "Type": "Custom::ApiGatewayAccountRole",
      "Version": "1.0",
      "Properties": {
        "ServiceToken": {
          "Fn::GetAtt": [
            "CustomDashresourceDashapigwDashcwDashroleLambdaFunction",
            "Arn"
          ]
        }
      }
    },
    "IamRoleCustomResourcesLambdaExecution": {
      "Type": "AWS::IAM::Role",
      "Properties": {
        "AssumeRolePolicyDocument": {
          "Version": "2012-10-17",
          "Statement": [
            {
              "Effect": "Allow",
              "Principal": {
                "Service": [
                  "lambda.amazonaws.com"
                ]
              },
              "Action": [
                "sts:AssumeRole"
              ]
            }
          ]
        },
        "Policies": [
          {
            "PolicyName": {
              "Fn::Join": [
                "-",
                [
                  "dev",
                  "api-johngalt-id",
                  "custom-resources-lambda"
                ]
              ]
            },
            "PolicyDocument": {
              "Version": "2012-10-17",
              "Statement": [
                {
                  "Effect": "Allow",
                  "Action": [
                    "logs:CreateLogStream",
                    "logs:CreateLogGroup",
                    "logs:TagResource"
                  ],
                  "Resource": [
                    {
                      "Fn::Sub": "arn:${AWS::Partition}:logs:${AWS::Region}:${AWS::AccountId}:log-group:/aws/lambda/api-johngalt-id-dev*:*"
                    }
                  ]
                },
                {
                  "Effect": "Allow",
                  "Action": [
                    "logs:PutLogEvents"
                  ],
                  "Resource": [
                    {
                      "Fn::Sub": "arn:${AWS::Partition}:logs:${AWS::Region}:${AWS::AccountId}:log-group:/aws/lambda/api-johngalt-id-dev*:*:*"
                    }
                  ]
                },
                {
                  "Effect": "Allow",
                  "Resource": {
                    "Fn::Join": [
                      ":",
                      [
                        "arn",
                        {
                          "Ref": "AWS::Partition"
                        },
                        "iam:",
                        {
                          "Ref": "AWS::AccountId"
                        },
                        "role/*"
                      ]
                    ]
                  },
                  "Action": [
                    "iam:AttachRolePolicy",
                    "iam:CreateRole",
                    "iam:ListAttachedRolePolicies",
                    "iam:PassRole"
                  ]
                },
                {
                  "Effect": "Allow",
                  "Resource": {
                    "Fn::Join": [
                      ":",
                      [
                        "arn",
                        {
                          "Ref": "AWS::Partition"
                        },
                        "apigateway:*::/account"
                      ]
                    ]
                  },
                  "Action": [
                    "apigateway:GET",
                    "apigateway:PATCH"
                  ]
                }
              ]
            }
          }
        ]
      }
    },
    "CustomDashresourceDashapigwDashcwDashroleLambdaFunction": {
      "Type": "AWS::Lambda::Function",
      "Properties": {
        "Code": {
          "S3Bucket": "api-johngalt-id-deployment",
          "S3Key": "serverless/api-johngalt-id/dev/1754904127222-2025-08-11T09:22:07.222Z/custom-resources.zip"
        },
        "FunctionName": "api-johngalt-id-dev-custom-resource-apigw-cw-role",
        "Handler": "api-gateway-cloud-watch-role/handler.handler",
        "MemorySize": 1024,
        "Runtime": "nodejs20.x",
        "Timeout": 180,
        "Role": {
          "Fn::GetAtt": [
            "IamRoleCustomResourcesLambdaExecution",
            "Arn"
          ]
        }
      },
      "DependsOn": [
        "IamRoleCustomResourcesLambdaExecution",
        "CustomDashresourceDashapigwDashcwDashroleLogGroup"
      ]
    },
    "CustomDashresourceDashapigwDashcwDashroleLogGroup": {
      "Type": "AWS::Logs::LogGroup",
      "Properties": {
        "LogGroupName": "/aws/lambda/api-johngalt-id-dev-custom-resource-apigw-cw-role",
        "RetentionInDays": 5
      }
    }
  },
  "Outputs": {
    "ServerlessDeploymentBucketName": {
      "Value": "api-johngalt-id-deployment",
      "Export": {
        "Name": "sls-api-johngalt-id-dev-ServerlessDeploymentBucketName"
      }
    },
    "ServiceEndpoint": {
      "Description": "URL of the service endpoint",
      "Value": {
        "Fn::Join": [
          "",
          [
            "https://",
            {
              "Ref": "ApiGatewayRestApi"
            },
            ".execute-api.",
            {
              "Ref": "AWS::Region"
            },
            ".",
            {
              "Ref": "AWS::URLSuffix"
            },
            "/dev"
          ]
        ]
      },
      "Export": {
        "Name": "sls-api-johngalt-id-dev-ServiceEndpoint"
      }
    }
  }
}