{
  "openapi": "3.1.0",
  "servers": [
    {
      "description": "Production",
      "url": "https://api.johngalt.id"
    },
    {
      "description": "Local dev",
      "url": "http://api.dev.johngalt.id"
    }
  ],
  "info": {
    "title": "api.johngalt.id",
    "version": "1.0.0"
  },
  "paths": {
    "/private/foo": {
      "get": {
        "summary": "Get foo (private)",
        "description": "Get some what from foo.",
        "tags": ["foo", "private"],
        "operationId": "private_foo_get",
        "parameters": [
          {
            "in": "query",
            "name": "what",
            "schema": {
              "type": "string"
            }
          }
        ],
        "responses": {
          "200": {
            "description": "Got some foo!",
            "content": {
              "application/json": {
                "schema": {
                  "ref": "FooGetResponse",
                  "type": "object",
                  "properties": {
                    "what": {
                      "type": "string"
                    }
                  },
                  "required": ["what"],
                  "additionalProperties": false
                }
              }
            }
          }
        }
      }
    },
    "/foo": {
      "get": {
        "summary": "Get foo (public)",
        "description": "Get some what from foo.",
        "tags": ["foo", "public"],
        "operationId": "foo_get",
        "parameters": [
          {
            "in": "query",
            "name": "what",
            "schema": {
              "type": "string"
            }
          }
        ],
        "responses": {
          "200": {
            "description": "Got some foo!",
            "content": {
              "application/json": {
                "schema": {
                  "ref": "FooGetResponse",
                  "type": "object",
                  "properties": {
                    "what": {
                      "type": "string"
                    }
                  },
                  "required": ["what"],
                  "additionalProperties": false
                }
              }
            }
          }
        }
      }
    }
  }
}
